종목코드,종목명,시가총액,섹터,,,섹터분류
005930,삼성전자," 1,984,811,587,416,000 ",반도체,,,반도체
000660,SK하이닉스," 1,905,053,421,645,000 ",반도체,,,전기전자
402340,SK스퀘어,"226,968,423,920,000",금융·지주,,,전력기기·전력인프라·원전
005935,삼성전자우,"176,922,850,261,500",반도체,,,조선·방산·우주항공
009150,삼성전기,"148,864,536,128,000",전기전자,,,자동차·모빌리티
005380,현대차,"98,386,106,563,000",자동차·모빌리티,,,2차전지·배터리소재
032830,삼성생명,"86,500,000,000,000",금융·지주,,,바이오·의료기기
028260,삼성물산,"80,191,868,804,500",건설·운송·상사,,,K소비재·유통
373220,LG에너지솔루션,"77,571,000,000,000",2차전지·배터리소재,,,인터넷·소프트웨어·게임·콘텐츠
207940,삼성바이오로직스,"62,168,747,193,000",바이오·의료기기,,,금융·지주
329180,HD현대중공업,"59,198,130,900,000",조선·방산·우주항공,,,철강·비철금속
034730,SK,"59,089,702,945,000",금융·지주,,,정유·화학·석유화학
105560,KB금융,"52,954,878,686,200",금융·지주,,,건설·운송·상사
000270,기아,"52,822,878,629,400",자동차·모빌리티,,,
012450,한화에어로스페이스,"52,130,598,411,000",조선·방산·우주항공,,,
034020,두산에너빌리티,"51,949,508,940,600",전력기기·전력인프라·원전,,,
012330,현대모비스,"44,141,401,629,500",자동차·모빌리티,,,
055550,신한지주,"43,478,339,467,600",금융·지주,,,
068270,셀트리온,"36,768,975,087,600",바이오·의료기기,,,
006400,삼성SDI,"36,666,416,150,000",2차전지·배터리소재,,,
066570,LG전자,"31,909,100,584,200",전기전자,,,
267260,HD현대일렉트릭,"31,829,620,205,000",전력기기·전력인프라·원전,,,
035420,NAVER,"30,812,737,995,200",인터넷·소프트웨어·게임·콘텐츠,,,
010120,LS ELECTRIC,"30,450,000,000,000",전력기기·전력인프라·원전,,,
086790,하나금융지주,"30,098,141,955,600",금융·지주,,,
042660,한화오션,"30,028,512,612,000",조선·방산·우주항공,,,
298040,효성중공업,"28,934,072,444,000",전력기기·전력인프라·원전,,,
000810,삼성화재,"28,395,792,828,000",금융·지주,,,
042700,한미반도체,"24,542,891,500,000",반도체,,,
009540,HD한국조선해양,"24,452,111,578,000",조선·방산·우주항공,,,
005490,POSCO홀딩스,"24,168,665,735,000",철강·비철금속,,,
015760,한국전력,"23,816,867,256,700",전력기기·전력인프라·원전,,,
000150,두산,"23,351,510,070,000",전기전자,,,
006800,미래에셋증권,"22,522,566,920,000",금융·지주,,,
010130,고려아연,"22,041,855,264,000",철강·비철금속,,,
011070,LG이노텍,"22,034,076,617,000",전기전자,,,
316140,우리금융지주,"20,811,063,672,000",금융·지주,,,
010140,삼성중공업,"20,240,000,000,000",조선·방산·우주항공,,,
017670,SK텔레콤,"19,459,978,801,800",인터넷·소프트웨어·게임·콘텐츠,,,
051910,LG화학,"19,130,524,953,000",정유·화학·석유화학,,,
064350,현대로템,"18,532,361,351,400",조선·방산·우주항공,,,
196170,알테오젠,"18,406,908,820,500",바이오·의료기기,,,
033780,KT&G,"17,377,870,334,400",K소비재·유통,,,
011200,HMM,"17,270,687,230,700",건설·운송·상사,,,
138040,메리츠금융지주,"16,835,135,663,800",금융·지주,,,
079550,LIG디펜스앤에어로스페이스,"16,170,000,000,000",조선·방산·우주항공,,,
024110,기업은행,"15,677,392,584,540",금융·지주,,,
267250,HD현대,"15,221,967,479,500",건설·운송·상사,,,
096770,SK이노베이션,"15,130,224,526,000",정유·화학·석유화학,,,
003550,LG,"14,907,531,594,400",금융·지주,,,
018260,삼성에스디에스,"14,694,044,220,000",인터넷·소프트웨어·게임·콘텐츠,,,
035720,카카오,"14,677,004,507,100",인터넷·소프트웨어·게임·콘텐츠,,,
003670,포스코퓨처엠,"14,284,762,932,000",2차전지·배터리소재,,,
272210,한화시스템,"13,904,467,030,400",조선·방산·우주항공,,,
307950,현대오토에버,"13,903,958,874,000",인터넷·소프트웨어·게임·콘텐츠,,,
047810,한국항공우주,"13,802,475,151,200",조선·방산·우주항공,,,
278470,에이피알,"13,590,050,265,000",K소비재·유통,,,
086280,현대글로비스,"13,530,000,000,000",건설·운송·상사,,,
030200,KT,"13,155,531,957,000",인터넷·소프트웨어·게임·콘텐츠,,,
247540,에코프로비엠,"13,079,929,025,800",2차전지·배터리소재,,,
086520,에코프로,"12,953,044,900,800",2차전지·배터리소재,,,
000720,현대건설,"11,503,050,524,500",건설·운송·상사,,,
071050,한국금융지주,"11,145,198,400,000",금융·지주,,,
0126Z0,삼성에피스홀딩스,"10,612,620,398,500",바이오·의료기기,,,
010950,S-Oil,"10,492,716,214,400",정유·화학·석유화학,,,
006260,LS,"10,420,800,000,000",금융·지주,,,
003490,대한항공,"10,328,589,541,050",건설·운송·상사,,,
005940,NH투자증권,"9,870,739,021,300",금융·지주,,,
443060,HD현대마린솔루션,"9,706,444,090,000",조선·방산·우주항공,,,
323410,카카오뱅크,"9,423,128,630,750",금융·지주,,,
259960,크래프톤,"9,412,117,932,000",인터넷·소프트웨어·게임·콘텐츠,,,
277810,레인보우로보틱스,"9,311,931,840,000",전기전자,,,
016360,삼성증권,"9,269,340,000,000",금융·지주,,,
005830,DB손해보험,"8,613,295,893,500",금융·지주,,,
003230,삼양식품,"8,369,179,665,000",K소비재·유통,,,
028050,삼성E&A,"8,124,200,000,000",건설·운송·상사,,,
950160,코오롱티슈진,"8,090,219,512,500",바이오·의료기기,,,
240810,원익IPS,"8,039,942,983,800",반도체,,,
039490,키움증권,"8,038,978,854,000",금융·지주,,,
047050,포스코인터내셔널,"8,030,875,272,200",건설·운송·상사,,,
007660,이수페타시스,"7,913,513,808,200",전기전자,,,
036930,주성엔지니어링,"7,697,273,637,600",반도체,,,
180640,한진칼,"7,691,014,540,800",금융·지주,,,
161390,한국타이어앤테크놀로지,"7,680,254,278,000",자동차·모빌리티,,,
352820,하이브,"7,663,579,872,200",인터넷·소프트웨어·게임·콘텐츠,,,
047040,대우건설,"7,474,409,935,220",건설·운송·상사,,,
005387,현대차2우B,"7,377,389,230,000",자동차·모빌리티,,,
064400,LG씨엔에스,"7,276,134,694,800",인터넷·소프트웨어·게임·콘텐츠,,,
000880,한화,"7,114,249,027,100",금융·지주,,,
004170,신세계,"6,989,433,940,000",K소비재·유통,,,
000990,DB하이텍,"6,886,776,280,400",반도체,,,
062040,산일전기,"6,582,407,750,000",전력기기·전력인프라·원전,,,
353200,대덕전자,"6,582,334,410,000",반도체,,,
326030,SK바이오팜,"6,492,168,425,000",바이오·의료기기,,,
058470,리노공업,"6,424,658,955,000",반도체,,,
028300,HLB,"6,353,555,237,100",바이오·의료기기,,,
001440,대한전선,"6,075,770,476,000",전력기기·전력인프라·원전,,,
021240,코웨이,"6,064,768,408,200",K소비재·유통,,,
032640,LG유플러스,"6,035,362,349,040",인터넷·소프트웨어·게임·콘텐츠,,,
039030,이오테크닉스,"5,974,981,750,000",반도체,,,
078930,GS,"5,805,968,437,500",금융·지주,,,
241560,두산밥캣,"5,760,949,506,500",전기전자,,,
034220,LG디스플레이,"5,685,000,000,000",전기전자,,,
090430,아모레퍼시픽,"5,673,797,623,000",K소비재·유통,,,
454910,두산로보틱스,"5,509,698,300,000",전기전자,,,
319660,피에스케이,"5,451,535,574,800",반도체,,,
000500,가온전선,"5,442,684,835,000",전력기기·전력인프라·원전,,,
029780,삼성카드,"5,335,301,930,550",금융·지주,,,
141080,리가켐바이오,"5,290,074,832,200",바이오·의료기기,,,
000100,유한양행,"5,288,600,706,400",바이오·의료기기,,,
267270,HD건설기계,"5,280,993,049,400",건설·운송·상사,,,
009830,한화솔루션,"5,268,506,228,400",정유·화학·석유화학,,,
011790,SKC,"5,158,222,992,000",2차전지·배터리소재,,,
377300,카카오페이,"5,146,731,466,250",금융·지주,,,
036570,NC,"5,127,477,236,000",인터넷·소프트웨어·게임·콘텐츠,,,
088980,맥쿼리인프라,"5,071,783,905,870",전력기기·전력인프라·원전,,,
271560,오리온,"4,997,367,084,800",K소비재·유통,,,
005385,현대차우,"4,994,965,440,000",자동차·모빌리티,,,
298380,에이비엘바이오,"4,966,087,968,100",바이오·의료기기,,,
023530,롯데쇼핑,"4,942,045,498,500",K소비재·유통,,,
000250,삼천당제약,"4,937,797,856,000",바이오·의료기기,,,
138930,BNK금융지주,"4,927,993,284,040",금융·지주,,,
128940,한미약품,"4,688,822,706,000",바이오·의료기기,,,
222800,심텍,"4,675,498,588,800",전기전자,,,
001040,CJ,"4,376,549,700,000",금융·지주,,,
403870,HPSP,"4,337,210,000,000",반도체,,,
069960,현대백화점,"4,323,764,856,000",K소비재·유통,,,
175330,JB금융지주,"4,301,594,394,400",금융·지주,,,
002380,KCC,"4,249,187,072,000",정유·화학·석유화학,,,
440110,파두,"4,158,036,641,000",반도체,,,
066970,엘앤에프,"4,012,169,562,700",2차전지·배터리소재,,,
084370,유진테크,"3,955,308,849,200",반도체,,,
095340,ISC,"3,900,258,672,000",전기전자,,,
087010,펩트론,"3,893,997,450,000",바이오·의료기기,,,
082740,한화엔진,"3,892,809,174,300",조선·방산·우주항공,,,
088350,한화생명,"3,838,902,600,000",금융·지주,,,
052690,한전기술,"3,818,178,000,000",전력기기·전력인프라·원전,,,
018880,한온시스템,"3,653,494,685,120",자동차·모빌리티,,,
010060,OCI홀딩스,"3,622,025,008,000",전력기기·전력인프라·원전,,,
095610,테스,"3,548,688,000,000",반도체,,,
004020,현대제철,"3,529,641,013,250",철강·비철금속,,,
012510,더존비즈온,"3,494,865,960,000",인터넷·소프트웨어·게임·콘텐츠,,,
214370,케어젠,"3,469,989,000,000",바이오·의료기기,,,
347850,디앤디파마텍,"3,450,955,911,900",바이오·의료기기,,,
080220,제주반도체,"3,416,729,033,600",반도체,,,
108490,로보티즈,"3,401,358,496,000",전기전자,,,
336260,두산퓨얼셀,"3,392,575,006,800",전력기기·전력인프라·원전,,,
214450,파마리서치,"3,366,245,952,000",바이오·의료기기,,,
067310,하나마이크론,"3,230,851,503,600",반도체,,,
051900,LG생활건강,"3,219,737,445,000",K소비재·유통,,,
310210,보로노이,"3,146,298,089,200",바이오·의료기기,,,
103590,일진전기,"3,142,467,201,000",전력기기·전력인프라·원전,,,
111770,영원무역,"3,119,527,347,200",K소비재·유통,,,
178320,서진시스템,"3,109,338,502,450",전기전자,,,
145020,휴젤,"3,106,768,332,500",바이오·의료기기,,,
022100,포스코DX,"3,071,101,525,800",인터넷·소프트웨어·게임·콘텐츠,,,
035250,강원랜드,"3,022,979,265,000",K소비재·유통,,,
009420,한올바이오파마,"3,019,508,876,400",바이오·의료기기,,,
450080,에코프로머티,"2,997,917,736,800",2차전지·배터리소재,,,
483650,달바글로벌,"2,965,107,937,500",K소비재·유통,,,
214150,클래시스,"2,948,651,786,800",K소비재·유통,,,
036460,한국가스공사,"2,944,784,700,000",전력기기·전력인프라·원전,,,
001450,현대해상,"2,932,539,800,000",금융·지주,,,
031980,피에스케이홀딩스,"2,919,548,283,000",반도체,,,
251270,넷마블,"2,880,000,170,650",인터넷·소프트웨어·게임·콘텐츠,,,
011780,금호석유화학,"2,865,419,317,500",정유·화학·석유화학,,,
014680,한솔케미칼,"2,863,353,740,000",정유·화학·석유화학,,,
383220,F&F,"2,815,570,012,500",K소비재·유통,,,
064760,티씨케이,"2,811,623,124,000",반도체,,,
005290,동진쎄미켐,"2,803,356,930,000",반도체,,,
031210,서울보증보험,"2,799,846,079,800",금융·지주,,,
085620,미래에셋생명,"2,798,226,000,000",금융·지주,,,
004800,효성,"2,795,647,969,000",금융·지주,,,
302440,SK바이오사이언스,"2,742,056,527,350",바이오·의료기기,,,
226950,올릭스,"2,735,406,211,800",바이오·의료기기,,,
017800,현대엘리베이터,"2,701,283,803,500",건설·운송·상사,,,
011170,롯데케미칼,"2,690,573,855,100",정유·화학·석유화학,,,
097950,CJ제일제당,"2,672,118,015,000",K소비재·유통,,,
089970,브이엠,"2,665,466,662,000",반도체,,,
489790,한화비전,"2,660,738,153,000",인터넷·소프트웨어·게임·콘텐츠,,,
012750,에스원,"2,602,943,693,000",건설·운송·상사,,,
001720,신영증권,"2,590,944,000,000",금융·지주,,,
357780,솔브레인,"2,590,262,478,000",반도체,,,
319400,현대무벡스,"2,550,511,293,100",건설·운송·상사,,,
005850,에스엘,"2,545,378,896,000",자동차·모빌리티,,,
139130,iM금융지주,"2,542,687,148,890",금융·지주,,,
131290,티에스이,"2,472,229,381,500",반도체,,,
237690,에스티팜,"2,449,813,741,200",바이오·의료기기,,,
028670,팬오션,"2,448,328,364,960",건설·운송·상사,,,
290650,엘앤씨바이오,"2,381,424,863,200",바이오·의료기기,,,
005440,현대지에프홀딩스,"2,351,036,859,080",금융·지주,,,
375500,DL이앤씨,"2,313,878,655,400",건설·운송·상사,,,
026960,동서,"2,288,115,000,000",K소비재·유통,,,
004990,롯데지주,"2,287,283,659,200",금융·지주,,,
279570,케이뱅크,"2,275,949,797,110",금융·지주,,,
009155,삼성전기우,"2,258,726,568,000",전기전자,,,
131970,두산테스나,"2,236,161,436,600",반도체,,,
003690,코리안리,"2,231,986,621,530",금융·지주,,,
020150,롯데에너지머티리얼즈,"2,204,585,992,300",2차전지·배터리소재,,,
139480,이마트,"2,193,867,610,500",K소비재·유통,,,
007810,코리아써키트,"2,187,214,944,000",전기전자,,,
000240,한국앤컴퍼니,"2,150,283,186,000",금융·지주,,,
007340,DN오토모티브,"2,150,274,288,750",자동차·모빌리티,,,
263750,펄어비스,"2,146,119,526,500",인터넷·소프트웨어·게임·콘텐츠,,,
204320,HL만도,"2,145,940,384,000",자동차·모빌리티,,,
161890,한국콜마,"2,140,980,483,900",K소비재·유통,,,
009970,영원무역홀딩스,"2,132,198,278,200",K소비재·유통,,,
420770,기가비스,"2,113,048,858,600",반도체,,,
030000,제일기획,"2,068,441,225,500",인터넷·소프트웨어·게임·콘텐츠,,,
081660,미스토홀딩스,"2,059,963,392,000",K소비재·유통,,,
043260,성호전자,"2,049,669,584,700",전기전자,,,
010170,대한광통신,"2,033,752,432,800",전기전자,,,
098460,고영,"2,028,748,010,250",전기전자,,,
004370,농심,"2,004,230,539,000",K소비재·유통,,,
282330,BGF리테일,"1,999,747,924,200",K소비재·유통,,,
006360,GS건설,"1,994,048,717,000",건설·운송·상사,,,
257720,실리콘투,"1,993,518,060,800",K소비재·유통,,,
051600,한전KPS,"1,977,750,000,000",전력기기·전력인프라·원전,,,
000155,두산우,"1,968,257,535,000",금융·지주,,,
001740,SK네트웍스,"1,947,766,662,190",건설·운송·상사,,,
457190,이수스페셜티케미컬,"1,924,942,146,400",정유·화학·석유화학,,,
089030,테크윙,"1,919,378,811,000",반도체,,,
032820,우리기술,"1,916,829,927,620",전력기기·전력인프라·원전,,,
439260,대한조선,"1,896,818,754,000",조선·방산·우주항공,,,
071970,HD현대마린엔진,"1,879,250,823,000",조선·방산·우주항공,,,
018670,SK가스,"1,879,220,532,000",전력기기·전력인프라·원전,,,
097230,HJ중공업,"1,864,598,853,600",조선·방산·우주항공,,,
462870,시프트업,"1,818,284,540,000",인터넷·소프트웨어·게임·콘텐츠,,,
183300,코미코,"1,816,205,404,000",반도체,,,
00680K,미래에셋증권2우B,"1,812,720,000,000",금융·지주,,,
008770,호텔신라,"1,803,451,159,950",K소비재·유통,,,
007070,GS리테일,"1,793,379,051,750",K소비재·유통,,,
008930,한미사이언스,"1,785,019,455,000",바이오·의료기기,,,
103140,풍산,"1,771,134,369,600",조선·방산·우주항공,,,
093370,후성,"1,760,059,965,300",정유·화학·석유화학,,,
068760,셀트리온제약,"1,747,231,764,200",바이오·의료기기,,,
395400,SK리츠,"1,709,780,081,600",금융·지주,,,
035900,JYP Ent.,"1,702,006,366,800",인터넷·소프트웨어·게임·콘텐츠,,,
120110,코오롱인더,"1,697,940,014,400",정유·화학·석유화학,,,
140860,파크시스템스,"1,691,096,263,500",인터넷·소프트웨어·게임·콘텐츠,,,
140410,메지온,"1,689,804,485,200",바이오·의료기기,,,
082920,비츠로셀,"1,675,293,675,150",전력기기·전력인프라·원전,,,
192820,코스맥스,"1,644,543,854,100",K소비재·유통,,,
000120,CJ대한통운,"1,637,926,299,200",건설·운송·상사,,,
281820,케이씨텍,"1,637,349,264,700",반도체,,,
112610,씨에스윈드,"1,623,599,015,500",전력기기·전력인프라·원전,,,
218410,RFHIC,"1,609,138,585,200",전기전자,,,
011210,현대위아,"1,607,229,405,300",자동차·모빌리티,,,
058610,에스피지,"1,605,640,864,000",건설·운송·상사,,,
002790,아모레퍼시픽홀딩스,"1,563,569,781,000",K소비재·유통,,,
030530,원익홀딩스,"1,552,483,418,100",전기전자,,,
020560,아시아나항공,"1,546,990,239,610",건설·운송·상사,,,
007390,네이처셀,"1,533,554,332,800",바이오·의료기기,,,
041510,에스엠,"1,522,496,885,000",인터넷·소프트웨어·게임·콘텐츠,,,
083650,비에이치아이,"1,516,274,375,000",전력기기·전력인프라·원전,,,
475150,SK이터닉스,"1,471,694,572,800",전력기기·전력인프라·원전,,,
229640,LS에코에너지,"1,463,869,216,200",전력기기·전력인프라·원전,,,
023590,다우기술,"1,463,111,145,600",인터넷·소프트웨어·게임·콘텐츠,,,
096530,씨젠,"1,462,327,832,000",바이오·의료기기,,,
0009K0,에임드바이오,"1,451,867,564,450",바이오·의료기기,,,
001800,오리온홀딩스,"1,443,976,977,100",K소비재·유통,,,
073240,금호타이어,"1,433,428,832,130",자동차·모빌리티,,,
078600,대주전자재료,"1,379,322,756,600",2차전지·배터리소재,,,
006280,녹십자,"1,377,842,830,200",바이오·의료기기,,,
006040,동원산업,"1,366,158,348,050",K소비재·유통,,,
001820,삼화콘덴서,"1,357,587,000,000",전기전자,,,
039200,오스코텍,"1,344,774,886,400",바이오·의료기기,,,
017960,한국카본,"1,320,334,217,300",조선·방산·우주항공,,,
322000,HD현대에너지솔루션,"1,318,240,000,000",전력기기·전력인프라·원전,,,
001120,LX인터내셔널,"1,317,840,000,000",건설·운송·상사,,,
003540,대신증권,"1,282,174,826,150",금융·지주,,,
192080,더블유게임즈,"1,270,408,080,000",인터넷·소프트웨어·게임·콘텐츠,,,
069620,대웅제약,"1,243,239,497,500",바이오·의료기기,,,
000815,삼성화재우,"1,232,878,200,000",금융·지주,,,
415640,KB발해인프라,"1,231,582,757,400",전력기기·전력인프라·원전,,,
458870,씨어스,"1,225,523,628,000",바이오·의료기기,,,
323280,태성,"1,215,411,604,000",반도체,,,
127120,제이에스링크,"1,214,211,300,900",인터넷·소프트웨어·게임·콘텐츠,,,
066575,LG전자우,"1,212,999,709,400",전기전자,,,
060370,LS마린솔루션,"1,204,105,584,700",조선·방산·우주항공,,,
031330,에스에이엠티,"1,199,940,804,000",건설·운송·상사,,,
007310,오뚜기,"1,182,309,850,000",K소비재·유통,,,
361610,SK아이이테크놀로지,"1,176,916,369,000",2차전지·배터리소재,,,
294870,IPARK현대산업개발,"1,167,218,814,300",건설·운송·상사,,,
195870,해성디에스,"1,164,500,000,000",반도체,,,
166090,하나머티리얼즈,"1,160,949,463,800",반도체,,,
001430,세아베스틸지주,"1,156,553,337,750",철강·비철금속,,,
005070,코스모신소재,"1,150,884,885,150",2차전지·배터리소재,,,
034230,파라다이스,"1,149,530,630,620",K소비재·유통,,,
012630,HDC,"1,142,859,122,730",건설·운송·상사,,,
298020,효성티앤씨,"1,140,344,207,000",정유·화학·석유화학,,,
476830,알지노믹스,"1,135,608,123,000",바이오·의료기기,,,
003570,SNT다이내믹스,"1,132,254,332,850",조선·방산·우주항공,,,
032350,롯데관광개발,"1,129,709,739,860",K소비재·유통,,,
082640,동양생명,"1,098,680,570,240",금융·지주,,,
004000,롯데정밀화학,"1,095,210,000,000",정유·화학·석유화학,,,
101490,에스앤에스텍,"1,094,479,292,700",반도체,,,
195940,HK이노엔,"1,080,785,341,650",바이오·의료기기,,,
077970,STX엔진,"1,079,982,894,700",조선·방산·우주항공,,,
051915,LG화학우,"1,071,049,840,000",정유·화학·석유화학,,,
475830,오름테라퓨틱,"1,070,775,787,000",바이오·의료기기,,,
181710,NHN,"1,057,926,389,700",인터넷·소프트웨어·게임·콘텐츠,,,
030610,교보증권,"1,055,297,018,860",금융·지주,,,
057050,현대홈쇼핑,"1,047,600,000,000",K소비재·유통,,,
437730,삼현,"1,032,081,305,850",전기전자,,,
232140,와이씨,"1,028,848,689,000",반도체,,,
003380,하림지주,"1,022,611,319,730",금융·지주,,,
330590,롯데리츠,"1,020,060,160,520",금융·지주,,,
204270,제이앤티씨,"1,011,191,185,680",전기전자,,,
003530,한화투자증권,"1,004,083,587,000",금융·지주,,,
000080,하이트진로,"1,000,105,292,860",K소비재·유통,,,
089860,롯데렌탈,"991,246,292,400",K소비재·유통,,,
085660,차바이오텍,"974,355,426,080",바이오·의료기기,,,
100790,미래에셋벤처투자,"961,555,875,400",금융·지주,,,
300720,한일시멘트,"960,500,429,540",건설·운송·상사,,,
036540,SFA반도체,"945,646,742,250",반도체,,,
003090,대웅,"921,550,383,000",건설·운송·상사,,,
417200,LS머트리얼즈,"908,575,210,370",2차전지·배터리소재,,,
038500,삼표시멘트,"901,101,155,100",건설·운송·상사,,,
397030,에이프릴바이오,"900,261,609,700",바이오·의료기기,,,
100090,SK오션플랜트,"898,435,495,020",조선·방산·우주항공,,,
347700,스피어,"891,630,962,600",철강·비철금속,,,
281740,레이크머티리얼즈,"889,991,619,920",2차전지·배터리소재,,,
005300,롯데칠성,"889,844,975,600",K소비재·유통,,,
006120,SK디스커버리,"889,842,676,100",금융·지주,,,
090710,휴림로봇,"887,127,995,180",전기전자,,,
003240,태광산업,"885,153,000,000",정유·화학·석유화학,,,
185750,종근당,"884,758,198,000",바이오·의료기기,,,
099320,쎄트렉아이,"873,911,984,400",조선·방산·우주항공,,,
083450,GST,"869,896,000,000",반도체,,,
000210,DL,"864,430,215,000",금융·지주,,,
388210,씨엠티엑스,"863,106,757,200",인터넷·소프트웨어·게임·콘텐츠,,,
009450,경동나비엔,"862,460,646,400",전력기기·전력인프라·원전,,,
192400,쿠쿠홀딩스,"862,382,986,250",K소비재·유통,,,
451800,한화리츠,"862,080,000,000",금융·지주,,,
074600,원익QnC,"856,988,800,000",반도체,,,
071055,한국금융지주우,"847,688,919,700",금융·지주,,,
280360,롯데웰푸드,"845,900,350,600",K소비재·유통,,,
365550,ESR켄달스퀘어리츠,"844,085,270,000",금융·지주,,,
491000,리브스메드,"826,395,122,550",바이오·의료기기,,,
161580,필옵틱스,"813,445,970,900",반도체,,,
003470,유안타증권,"808,293,027,890",금융·지주,,,
090360,로보스타,"806,325,000,000",전기전자,,,
036530,SNT홀딩스,"802,151,191,200",금융·지주,,,
137400,피엔티,"794,823,924,400",2차전지·배터리소재,,,
388720,유일로보틱스,"790,528,249,500",전기전자,,,
056190,SFA,"789,992,720,000",전기전자,,,
065350,신성델타테크,"772,298,938,800",인터넷·소프트웨어·게임·콘텐츠,,,
030190,NICE평가정보,"771,741,003,700",금융·지주,,,
086450,동국제약,"770,274,052,600",바이오·의료기기,,,
032500,케이엠더블유,"762,404,037,070",전기전자,,,
189300,인텔리안테크,"754,846,039,100",전기전자,,,
213420,덕산네오룩스,"753,626,282,650",전기전자,,,
356860,티엘비,"753,179,458,000",반도체,,,
071320,지역난방공사,"750,302,611,200",전력기기·전력인프라·원전,,,
075580,세진중공업,"744,727,873,600",조선·방산·우주항공,,,
009240,한샘,"742,495,428,400",K소비재·유통,,,
115180,큐리언트,"738,591,609,690",바이오·의료기기,,,
328130,루닛,"735,646,818,400",바이오·의료기기,,,
137310,에스디바이오센서,"735,362,031,180",바이오·의료기기,,,
456040,OCI,"732,314,091,000",정유·화학·석유화학,,,
248070,솔루엠,"731,588,410,800",전기전자,,,
122870,와이지엔터테인먼트,"730,820,015,900",인터넷·소프트웨어·게임·콘텐츠,,,
048410,현대바이오,"730,547,180,040",바이오·의료기기,,,
036830,솔브레인홀딩스,"729,941,723,600",금융·지주,,,
466100,클로봇,"729,407,197,350",전기전자,,,
252990,샘씨엔에스,"715,990,700,210",반도체,,,
214320,이노션,"714,800,000,000",인터넷·소프트웨어·게임·콘텐츠,,,
006650,대한유화,"713,700,000,000",정유·화학·석유화학,,,
079160,CJ CGV,"713,660,450,010",인터넷·소프트웨어·게임·콘텐츠,,,
122640,예스티,"712,333,644,000",반도체,,,
005690,파미셀,"710,447,525,760",전기전자,,,
006340,대원전선,"708,866,320,640",전력기기·전력인프라·원전,,,
000670,영풍,"707,890,761,350",철강·비철금속,,,
376900,로킷헬스케어,"706,383,610,500",바이오·의료기기,,,
298050,HS효성첨단소재,"706,039,804,800",정유·화학·석유화학,,,
490470,세미파이브,"706,027,880,000",반도체,,,
241710,코스메카코리아,"705,948,000,000",K소비재·유통,,,
003850,보령,"696,592,120,840",바이오·의료기기,,,
00088K,한화3우B,"690,798,099,600",금융·지주,,,
064960,SNT모티브,"688,720,058,400",자동차·모빌리티,,,
004490,세방전지,"682,605,000,000",2차전지·배터리소재,,,
090460,비에이치,"673,556,529,240",전기전자,,,
003160,디아이,"673,540,000,000",반도체,,,
025540,한국단자,"671,636,000,000",자동차·모빌리티,,,
053610,프로텍,"669,600,000,000",반도체,,,
035760,CJ ENM,"668,839,197,000",인터넷·소프트웨어·게임·콘텐츠,,,
499790,GS피앤엘,"668,299,341,700",K소비재·유통,,,
445680,큐리옥스바이오시스템즈,"666,626,131,250",바이오·의료기기,,,
014620,성광벤드,"666,589,836,400",철강·비철금속,,,
033100,제룡전기,"664,983,732,600",전력기기·전력인프라·원전,,,
019210,와이지-원,"656,097,361,920",철강·비철금속,,,
000370,한화손해보험,"653,737,924,000",금융·지주,,,
050890,쏠리드,"650,094,913,800",전기전자,,,
222080,SFA넥셀,"645,575,195,200",2차전지·배터리소재,,,
285130,SK케미칼,"645,243,971,800",정유·화학·석유화학,,,
032190,다우데이타,"642,674,000,000",인터넷·소프트웨어·게임·콘텐츠,,,
114090,GKL,"640,824,741,200",K소비재·유통,,,
001570,금양,"633,275,240,400",2차전지·배터리소재,,,
010780,아이에스동서,"630,907,798,400",건설·운송·상사,,,
00104K,CJ4우(전환),"626,369,078,400",금융·지주,,,
094170,동운아나텍,"626,252,583,200",바이오·의료기기,,,
046890,서울반도체,"625,616,942,000",반도체,,,
293940,신한알파리츠,"625,260,435,910",금융·지주,,,
358570,지아이이노베이션,"623,339,372,700",바이오·의료기기,,,
293490,카카오게임즈,"622,223,293,230",인터넷·소프트웨어·게임·콘텐츠,,,
108320,LX세미콘,"621,296,260,000",반도체,,,
002350,넥센타이어,"620,191,018,950",자동차·모빌리티,,,
102710,이엔에프테크놀로지,"620,092,082,400",반도체,,,
006380,카프로,"618,539,985,360",정유·화학·석유화학,,,
295310,에이치브이엠,"617,989,605,300",철강·비철금속,,,
023160,태광,"615,640,359,600",철강·비철금속,,,
002960,한국쉘석유,"612,950,000,000",정유·화학·석유화학,,,
069260,TKG휴켐스,"611,134,890,600",정유·화학·석유화학,,,
041830,인바디,"608,661,822,300",바이오·의료기기,,,
160190,하이젠알앤엠,"606,640,320,000",전기전자,,,
093050,LF,"605,268,000,000",K소비재·유통,,,
456160,지투지바이오,"598,659,336,000",바이오·의료기기,,,
052020,에스티큐브,"598,252,960,800",바이오·의료기기,,,
253450,스튜디오드래곤,"593,955,920,480",인터넷·소프트웨어·게임·콘텐츠,,,
006730,서부T&D,"590,834,999,300",K소비재·유통,,,
383310,에코프로에이치엔,"590,444,335,800",정유·화학·석유화학,,,
005180,빙그레,"585,802,759,200",K소비재·유통,,,
033240,자화전자,"585,509,104,200",전기전자,,,
317450,명인제약,"581,080,000,000",바이오·의료기기,,,
059090,미코,"580,449,433,860",반도체,,,
005880,대한해운,"578,363,233,280",건설·운송·상사,,,
126340,비나텍,"575,869,202,800",전력기기·전력인프라·원전,,,
336370,솔루스첨단소재,"575,782,220,800",2차전지·배터리소재,,,
002020,코오롱,"575,682,528,000",금융·지주,,,
052400,코나아이,"574,521,829,950",인터넷·소프트웨어·게임·콘텐츠,,,
033640,네패스,"574,174,129,800",반도체,,,
006110,삼아알미늄,"573,178,944,500",2차전지·배터리소재,,,
053800,안랩,"573,015,059,000",인터넷·소프트웨어·게임·콘텐츠,,,
476060,온코닉테라퓨틱스,"569,868,392,000",바이오·의료기기,,,
001270,부국증권,"569,306,741,400",금융·지주,,,
121600,나노신소재,"565,287,005,100",2차전지·배터리소재,,,
005090,SGC에너지,"564,845,853,600",전력기기·전력인프라·원전,,,
007700,F&F홀딩스,"564,420,315,810",K소비재·유통,,,
001060,JW중외제약,"561,190,913,000",바이오·의료기기,,,
041960,코미팜,"554,148,712,500",바이오·의료기기,,,
001510,SK증권,"553,951,728,575",금융·지주,,,
001680,대상,"553,675,439,500",K소비재·유통,,,
171090,선익시스템,"553,623,904,800",전기전자,,,
064290,인텍플러스,"547,361,583,100",반도체,,,
100840,SNT에너지,"545,972,671,200",전력기기·전력인프라·원전,,,
178920,PI첨단소재,"545,919,925,980",전기전자,,,
102940,코오롱생명과학,"543,260,024,500",바이오·의료기기,,,
086900,메디톡스,"540,088,778,000",K소비재·유통,,,
383800,LX홀딩스,"540,067,285,200",금융·지주,,,
037460,삼지전자,"538,511,226,000",전기전자,,,
000400,롯데손해보험,"536,571,497,280",금융·지주,,,
079900,전진건설로봇,"536,276,028,750",건설·운송·상사,,,
003620,KG모빌리티,"535,281,642,240",자동차·모빌리티,,,
002840,미원상사,"533,900,000,000",정유·화학·석유화학,,,
067160,SOOP,"531,632,973,750",인터넷·소프트웨어·게임·콘텐츠,,,
453340,현대그린푸드,"530,585,731,580",K소비재·유통,,,
033790,피노,"529,927,201,320",2차전지·배터리소재,,,
044490,태웅,"527,194,489,350",전력기기·전력인프라·원전,,,
027360,아주IB투자,"526,982,516,100",금융·지주,,,
348370,엔켐,"525,863,832,000",2차전지·배터리소재,,,
036810,에프에스티,"525,007,383,250",반도체,,,
094800,맵스리얼티,"524,513,970,150",금융·지주,,,
017940,E1,"522,732,000,000",정유·화학·석유화학,,,
056080,유진로봇,"522,679,093,620",전기전자,,,
225570,넥슨게임즈,"520,953,976,340",인터넷·소프트웨어·게임·콘텐츠,,,
014820,동원시스템즈,"520,683,424,720",2차전지·배터리소재,,,
425420,티에프이,"514,260,088,650",반도체,,,
033160,엠케이전자,"511,712,955,900",반도체,,,
000640,동아쏘시오홀딩스,"510,325,546,600",바이오·의료기기,,,
249420,일동제약,"507,477,562,080",바이오·의료기기,,,
008060,대덕,"506,850,987,600",정유·화학·석유화학,,,
082270,젬백스,"505,111,606,230",바이오·의료기기,,,
016380,KG스틸,"505,044,929,850",철강·비철금속,,,
174900,앱클론,"503,791,257,250",바이오·의료기기,,,
,,,,,,
,,,,,,
,,,,,,
,,,,,,
,,,,,,
,,,,,,
,,,,,,
,,,,,,
,,,,,,
,,,,,,
,,,,,,
,,,,,,
,,,,,,
,,,,,,
,,,,,,
,,,,,,
,,,,,,
,,,,,,
,,,,,,
,,,,,,
,,,,,,
,,,,,,
,,,,,,
,,,,,,
,,,,,,
,,,,,,
,,,,,,
,,,,,,
,,,,,,
,,,,,,
,,,,,,
,,,,,,
,,,,,,
,,,,,,
,,,,,,
,,,,,,
,,,,,,
,,,,,,
,,,,,,
,,,,,,
,,,,,,
,,,,,,
,,,,,,
,,,,,,
,,,,,,
,,,,,,
,,,,,,
,,,,,,
,,,,,,
,,,,,,
,,,,,,
,,,,,,
,,,,,,
,,,,,,
,,,,,,
,,,,,,
,,,,,,
,,,,,,
,,,,,,
,,,,,,
,,,,,,
,,,,,,
,,,,,,
,,,,,,
,,,,,,
,,,,,,
,,,,,,
,,,,,,
,,,,,,
,,,,,,
,,,,,,
,,,,,,
,,,,,,
,,,,,,
,,,,,,
,,,,,,
,,,,,,
,,,,,,
,,,,,,
,,,,,,
,,,,,,
,,,,,,
,,,,,,
,,,,,,
,,,,,,
,,,,,,
,,,,,,
,,,,,,
,,,,,,
,,,,,,
,,,,,,
,,,,,,
,,,,,,
,,,,,,
,,,,,,
,,,,,,
,,,,,,
,,,,,,
,,,,,,
,,,,,,
,,,,,,
,,,,,,
,,,,,,
,,,,,,
,,,,,,
,,,,,,
,,,,,,
,,,,,,
,,,,,,
,,,,,,
,,,,,,
,,,,,,
,,,,,,
,,,,,,
,,,,,,
,,,,,,
,,,,,,
,,,,,,
,,,,,,
,,,,,,
,,,,,,
,,,,,,
,,,,,,
,,,,,,
,,,,,,
,,,,,,
,,,,,,
,,,,,,
,,,,,,
,,,,,,
,,,,,,
,,,,,,
,,,,,,
,,,,,,
,,,,,,
,,,,,,
,,,,,,
,,,,,,
,,,,,,
,,,,,,
,,,,,,
,,,,,,
,,,,,,
,,,,,,
,,,,,,
,,,,,,
,,,,,,
,,,,,,
,,,,,,
,,,,,,
,,,,,,
,,,,,,
,,,,,,
,,,,,,
,,,,,,
,,,,,,
,,,,,,
,,,,,,
,,,,,,
,,,,,,
,,,,,,
,,,,,,
,,,,,,
,,,,,,
,,,,,,
,,,,,,
,,,,,,
,,,,,,
,,,,,,
,,,,,,
,,,,,,
,,,,,,
,,,,,,
,,,,,,
,,,,,,
,,,,,,
,,,,,,
,,,,,,
,,,,,,
,,,,,,
,,,,,,
,,,,,,
,,,,,,
,,,,,,
,,,,,,
,,,,,,
,,,,,,
,,,,,,
,,,,,,
,,,,,,
,,,,,,
,,,,,,
,,,,,,
,,,,,,
,,,,,,
,,,,,,
,,,,,,
,,,,,,
,,,,,,
,,,,,,
,,,,,,
,,,,,,
,,,,,,
,,,,,,
,,,,,,
,,,,,,
,,,,,,
,,,,,,
,,,,,,
,,,,,,
,,,,,,
,,,,,,
,,,,,,
,,,,,,
,,,,,,
,,,,,,
,,,,,,
,,,,,,
,,,,,,
,,,,,,
,,,,,,
,,,,,,
,,,,,,
,,,,,,
,,,,,,
,,,,,,
,,,,,,
,,,,,,
,,,,,,
,,,,,,
,,,,,,
,,,,,,
,,,,,,
,,,,,,
,,,,,,
,,,,,,
,,,,,,
,,,,,,
,,,,,,
,,,,,,
,,,,,,
,,,,,,
,,,,,,
,,,,,,
,,,,,,
,,,,,,
,,,,,,
,,,,,,
,,,,,,
,,,,,,
,,,,,,
,,,,,,
,,,,,,
,,,,,,
,,,,,,
,,,,,,
,,,,,,
,,,,,,
,,,,,,
,,,,,,
,,,,,,
,,,,,,
,,,,,,
,,,,,,
,,,,,,
,,,,,,
,,,,,,
,,,,,,
,,,,,,
,,,,,,
,,,,,,
,,,,,,
,,,,,,
,,,,,,
,,,,,,
,,,,,,
,,,,,,
,,,,,,
,,,,,,
,,,,,,
,,,,,,
,,,,,,
,,,,,,
,,,,,,
,,,,,,
,,,,,,
,,,,,,
,,,,,,
,,,,,,
,,,,,,
,,,,,,
,,,,,,
,,,,,,
,,,,,,
,,,,,,
,,,,,,
,,,,,,
,,,,,,
,,,,,,
,,,,,,
,,,,,,
,,,,,,
,,,,,,
,,,,,,
,,,,,,
,,,,,,
,,,,,,
,,,,,,
,,,,,,
,,,,,,
,,,,,,
,,,,,,
,,,,,,
,,,,,,
,,,,,,
,,,,,,
,,,,,,
,,,,,,
,,,,,,
,,,,,,
,,,,,,
,,,,,,
,,,,,,
,,,,,,
,,,,,,
,,,,,,
,,,,,,
,,,,,,
,,,,,,
,,,,,,
,,,,,,
,,,,,,
,,,,,,
,,,,,,
,,,,,,
,,,,,,
,,,,,,
,,,,,,
,,,,,,
,,,,,,
,,,,,,
,,,,,,
,,,,,,
,,,,,,
,,,,,,
,,,,,,
,,,,,,
,,,,,,
,,,,,,
,,,,,,
,,,,,,
,,,,,,
,,,,,,
,,,,,,
,,,,,,
,,,,,,
,,,,,,
,,,,,,
,,,,,,
,,,,,,
,,,,,,
,,,,,,
,,,,,,
,,,,,,
,,,,,,
,,,,,,
,,,,,,
,,,,,,
,,,,,,
,,,,,,
,,,,,,
,,,,,,
,,,,,,
,,,,,,
,,,,,,
,,,,,,
,,,,,,
,,,,,,
,,,,,,
,,,,,,
,,,,,,
,,,,,,
,,,,,,
,,,,,,
,,,,,,
,,,,,,
,,,,,,
,,,,,,
,,,,,,
,,,,,,
,,,,,,
,,,,,,
,,,,,,
,,,,,,
,,,,,,
,,,,,,
,,,,,,
,,,,,,
,,,,,,
,,,,,,
,,,,,,
,,,,,,
,,,,,,
,,,,,,
,,,,,,
,,,,,,
,,,,,,
,,,,,,
,,,,,,
,,,,,,
,,,,,,
,,,,,,
,,,,,,
,,,,,,
,,,,,,
,,,,,,
,,,,,,
,,,,,,
,,,,,,
,,,,,,
,,,,,,
,,,,,,
,,,,,,
,,,,,,
,,,,,,
,,,,,,
,,,,,,
,,,,,,
,,,,,,
,,,,,,
,,,,,,
,,,,,,
,,,,,,
,,,,,,
,,,,,,
,,,,,,
,,,,,,
,,,,,,
,,,,,,
,,,,,,
,,,,,,
,,,,,,
,,,,,,
,,,,,,
,,,,,,
,,,,,,
,,,,,,
,,,,,,
,,,,,,
,,,,,,
,,,,,,
,,,,,,
,,,,,,
,,,,,,
,,,,,,
,,,,,,
,,,,,,
,,,,,,
,,,,,,
,,,,,,
,,,,,,
,,,,,,
,,,,,,
,,,,,,
,,,,,,
,,,,,,
,,,,,,
,,,,,,
,,,,,,
,,,,,,
,,,,,,
,,,,,,
,,,,,,
,,,,,,
,,,,,,
,,,,,,
,,,,,,
,,,,,,
,,,,,,
,,,,,,
,,,,,,
,,,,,,
,,,,,,
,,,,,,
,,,,,,
,,,,,,
,,,,,,
,,,,,,
,,,,,,
,,,,,,
,,,,,,
,,,,,,
,,,,,,
,,,,,,
,,,,,,
,,,,,,
,,,,,,
,,,,,,
,,,,,,
,,,,,,
,,,,,,
,,,,,,
,,,,,,
,,,,,,
,,,,,,
,,,,,,
,,,,,,
,,,,,,
,,,,,,
,,,,,,
,,,,,,
,,,,,,
,,,,,,
,,,,,,
,,,,,,
,,,,,,
,,,,,,
,,,,,,
,,,,,,
,,,,,,
,,,,,,
,,,,,,
,,,,,,
,,,,,,
,,,,,,
,,,,,,
,,,,,,
,,,,,,
,,,,,,
,,,,,,
,,,,,,
,,,,,,
,,,,,,
,,,,,,
,,,,,,
,,,,,,
,,,,,,
,,,,,,
,,,,,,
,,,,,,
,,,,,,
,,,,,,
,,,,,,
,,,,,,
,,,,,,
,,,,,,
,,,,,,
,,,,,,
,,,,,,
,,,,,,
,,,,,,
,,,,,,
,,,,,,
,,,,,,
,,,,,,
,,,,,,
,,,,,,
,,,,,,
,,,,,,
,,,,,,
,,,,,,
,,,,,,
,,,,,,
,,,,,,
,,,,,,
,,,,,,
,,,,,,
,,,,,,
,,,,,,
,,,,,,
,,,,,,
,,,,,,
,,,,,,
,,,,,,
,,,,,,
,,,,,,
,,,,,,
,,,,,,
,,,,,,
,,,,,,
,,,,,,
,,,,,,
,,,,,,
,,,,,,
,,,,,,
,,,,,,
,,,,,,
,,,,,,
,,,,,,
,,,,,,
,,,,,,
,,,,,,
,,,,,,
,,,,,,
,,,,,,
,,,,,,
,,,,,,
,,,,,,
,,,,,,
,,,,,,
,,,,,,
,,,,,,
,,,,,,
,,,,,,
,,,,,,
,,,,,,
,,,,,,
,,,,,,
,,,,,,
,,,,,,
,,,,,,
,,,,,,
,,,,,,
,,,,,,
,,,,,,
,,,,,,
,,,,,,
,,,,,,
,,,,,,
,,,,,,
,,,,,,
,,,,,,
,,,,,,
,,,,,,
,,,,,,
,,,,,,
,,,,,,
,,,,,,
,,,,,,
,,,,,,
,,,,,,
,,,,,,
,,,,,,
,,,,,,
,,,,,,
,,,,,,
,,,,,,
,,,,,,
,,,,,,
,,,,,,
,,,,,,
,,,,,,
,,,,,,
,,,,,,
,,,,,,
,,,,,,
,,,,,,
,,,,,,
,,,,,,
,,,,,,
,,,,,,
,,,,,,
,,,,,,
,,,,,,
,,,,,,
,,,,,,
,,,,,,
,,,,,,
,,,,,,
,,,,,,
,,,,,,
,,,,,,
,,,,,,
,,,,,,
,,,,,,
,,,,,,
,,,,,,
,,,,,,
,,,,,,
,,,,,,
,,,,,,
,,,,,,
,,,,,,
,,,,,,
,,,,,,
,,,,,,
,,,,,,
,,,,,,
,,,,,,
,,,,,,
,,,,,,
,,,,,,
,,,,,,
,,,,,,
,,,,,,
,,,,,,
,,,,,,
,,,,,,
,,,,,,
,,,,,,
,,,,,,
,,,,,,
,,,,,,
,,,,,,
,,,,,,
,,,,,,
,,,,,,
,,,,,,
,,,,,,
,,,,,,
,,,,,,
,,,,,,
,,,,,,
,,,,,,
,,,,,,
,,,,,,
,,,,,,
,,,,,,
,,,,,,
,,,,,,
,,,,,,
,,,,,,
,,,,,,
,,,,,,
,,,,,,
,,,,,,
,,,,,,
,,,,,,
,,,,,,
,,,,,,
,,,,,,
,,,,,,
,,,,,,
,,,,,,
,,,,,,
,,,,,,
,,,,,,
,,,,,,
,,,,,,
,,,,,,
,,,,,,
,,,,,,
,,,,,,
,,,,,,
,,,,,,
,,,,,,
,,,,,,
,,,,,,
,,,,,,
,,,,,,
,,,,,,
,,,,,,
,,,,,,
,,,,,,
,,,,,,
,,,,,,
,,,,,,
,,,,,,
,,,,,,
,,,,,,
,,,,,,
,,,,,,
,,,,,,
,,,,,,
,,,,,,
,,,,,,
,,,,,,
,,,,,,
,,,,,,
,,,,,,
,,,,,,
,,,,,,
,,,,,,
,,,,,,
,,,,,,
,,,,,,
,,,,,,
,,,,,,
,,,,,,
,,,,,,
,,,,,,
,,,,,,
,,,,,,
,,,,,,
,,,,,,
,,,,,,
,,,,,,
,,,,,,
,,,,,,
,,,,,,
,,,,,,
,,,,,,
,,,,,,
,,,,,,
,,,,,,
,,,,,,
,,,,,,
,,,,,,
,,,,,,
,,,,,,
,,,,,,
,,,,,,
,,,,,,
,,,,,,
,,,,,,
,,,,,,
,,,,,,
,,,,,,
,,,,,,
,,,,,,
,,,,,,
,,,,,,
,,,,,,
,,,,,,
,,,,,,
,,,,,,
,,,,,,
,,,,,,
,,,,,,
,,,,,,
,,,,,,
,,,,,,
,,,,,,
,,,,,,
,,,,,,
,,,,,,
,,,,,,
,,,,,,
,,,,,,
,,,,,,
,,,,,,
,,,,,,
,,,,,,
,,,,,,
,,,,,,
,,,,,,
,,,,,,
,,,,,,
,,,,,,
,,,,,,
,,,,,,
,,,,,,
,,,,,,
,,,,,,
,,,,,,
,,,,,,
,,,,,,
,,,,,,
,,,,,,
,,,,,,
,,,,,,
,,,,,,
,,,,,,
,,,,,,
,,,,,,
,,,,,,
,,,,,,
,,,,,,
,,,,,,
,,,,,,
,,,,,,
,,,,,,
,,,,,,
,,,,,,
,,,,,,
,,,,,,
,,,,,,
,,,,,,
,,,,,,
,,,,,,
,,,,,,
,,,,,,
,,,,,,
,,,,,,
,,,,,,
,,,,,,
,,,,,,
,,,,,,
,,,,,,
,,,,,,
,,,,,,
,,,,,,
,,,,,,
,,,,,,
,,,,,,
,,,,,,
,,,,,,
,,,,,,
,,,,,,
,,,,,,
,,,,,,
,,,,,,
,,,,,,
,,,,,,
,,,,,,
,,,,,,
,,,,,,
,,,,,,
,,,,,,
,,,,,,
,,,,,,
,,,,,,
,,,,,,
,,,,,,
,,,,,,
,,,,,,
,,,,,,
,,,,,,
,,,,,,
,,,,,,
,,,,,,
,,,,,,
,,,,,,
,,,,,,
,,,,,,
,,,,,,
,,,,,,
,,,,,,
,,,,,,
,,,,,,
,,,,,,
,,,,,,
,,,,,,
,,,,,,
,,,,,,
,,,,,,
,,,,,,
,,,,,,
,,,,,,
,,,,,,
,,,,,,
,,,,,,
,,,,,,
,,,,,,
,,,,,,
,,,,,,
,,,,,,
,,,,,,
,,,,,,
,,,,,,
,,,,,,
,,,,,,
,,,,,,
,,,,,,
,,,,,,
,,,,,,
,,,,,,
,,,,,,
,,,,,,
,,,,,,
,,,,,,
,,,,,,
,,,,,,
,,,,,,
,,,,,,
,,,,,,
,,,,,,
,,,,,,
,,,,,,
,,,,,,
,,,,,,
,,,,,,
,,,,,,
,,,,,,
,,,,,,
,,,,,,
,,,,,,
,,,,,,
,,,,,,
,,,,,,
,,,,,,
,,,,,,
,,,,,,
,,,,,,
,,,,,,
,,,,,,
,,,,,,
,,,,,,
,,,,,,
,,,,,,
,,,,,,
,,,,,,
,,,,,,
,,,,,,
,,,,,,
,,,,,,
,,,,,,
,,,,,,
,,,,,,
,,,,,,
,,,,,,
,,,,,,
,,,,,,
,,,,,,
,,,,,,
,,,,,,
,,,,,,
,,,,,,
,,,,,,
,,,,,,
,,,,,,
,,,,,,
,,,,,,
,,,,,,
,,,,,,
,,,,,,
,,,,,,
,,,,,,
,,,,,,
,,,,,,
,,,,,,
,,,,,,
,,,,,,
,,,,,,
,,,,,,
,,,,,,
,,,,,,
,,,,,,
,,,,,,
,,,,,,
,,,,,,
,,,,,,
,,,,,,
,,,,,,
,,,,,,
,,,,,,
,,,,,,
,,,,,,
,,,,,,
,,,,,,
,,,,,,
,,,,,,
,,,,,,
,,,,,,
,,,,,,
,,,,,,
,,,,,,
,,,,,,
,,,,,,
,,,,,,
,,,,,,
,,,,,,
,,,,,,
,,,,,,
,,,,,,
,,,,,,
,,,,,,
,,,,,,
,,,,,,
,,,,,,
,,,,,,
,,,,,,
,,,,,,
,,,,,,
,,,,,,
,,,,,,
,,,,,,
,,,,,,
,,,,,,
,,,,,,
,,,,,,
,,,,,,
,,,,,,
,,,,,,
,,,,,,
,,,,,,
,,,,,,
,,,,,,
,,,,,,
,,,,,,
,,,,,,
,,,,,,
,,,,,,
,,,,,,
,,,,,,
,,,,,,
,,,,,,
,,,,,,
,,,,,,
,,,,,,
,,,,,,
,,,,,,
,,,,,,
,,,,,,
,,,,,,
,,,,,,
,,,,,,
,,,,,,
,,,,,,
,,,,,,
,,,,,,
,,,,,,
,,,,,,
,,,,,,
,,,,,,
,,,,,,
,,,,,,
,,,,,,
,,,,,,
,,,,,,
,,,,,,
,,,,,,
,,,,,,
,,,,,,
,,,,,,
,,,,,,
,,,,,,
,,,,,,
,,,,,,
,,,,,,
,,,,,,
,,,,,,
,,,,,,
,,,,,,
,,,,,,
,,,,,,
,,,,,,
,,,,,,
,,,,,,
,,,,,,
,,,,,,
,,,,,,
,,,,,,
,,,,,,
,,,,,,
,,,,,,
,,,,,,
,,,,,,
,,,,,,
,,,,,,
,,,,,,
,,,,,,
,,,,,,
,,,,,,
,,,,,,
,,,,,,
,,,,,,
,,,,,,
,,,,,,
,,,,,,
,,,,,,
,,,,,,
,,,,,,
,,,,,,
,,,,,,
,,,,,,
,,,,,,
,,,,,,
,,,,,,
,,,,,,
,,,,,,
,,,,,,
,,,,,,
,,,,,,
,,,,,,
,,,,,,
,,,,,,
,,,,,,
,,,,,,
,,,,,,
,,,,,,
,,,,,,
,,,,,,
,,,,,,
,,,,,,
,,,,,,
,,,,,,
,,,,,,
,,,,,,
,,,,,,
,,,,,,
,,,,,,
,,,,,,
,,,,,,
,,,,,,
,,,,,,
,,,,,,
,,,,,,
,,,,,,
,,,,,,
,,,,,,
,,,,,,
,,,,,,
,,,,,,
,,,,,,
,,,,,,
,,,,,,
,,,,,,
,,,,,,
,,,,,,
,,,,,,
,,,,,,
,,,,,,
,,,,,,
,,,,,,
,,,,,,
,,,,,,
,,,,,,
,,,,,,
,,,,,,
,,,,,,
,,,,,,
,,,,,,
,,,,,,
,,,,,,
,,,,,,
,,,,,,
,,,,,,
,,,,,,
,,,,,,
,,,,,,
,,,,,,
,,,,,,
,,,,,,
,,,,,,
,,,,,,
,,,,,,
,,,,,,
,,,,,,
,,,,,,
,,,,,,
,,,,,,
,,,,,,
,,,,,,
,,,,,,
,,,,,,
,,,,,,
,,,,,,
,,,,,,
,,,,,,
,,,,,,
,,,,,,
,,,,,,
,,,,,,
,,,,,,
,,,,,,
,,,,,,
,,,,,,
,,,,,,
,,,,,,
,,,,,,
,,,,,,
,,,,,,
,,,,,,
,,,,,,
,,,,,,
,,,,,,
,,,,,,
,,,,,,
,,,,,,
,,,,,,
,,,,,,
,,,,,,
,,,,,,
,,,,,,
,,,,,,
,,,,,,
,,,,,,
,,,,,,
,,,,,,
,,,,,,
,,,,,,
,,,,,,
,,,,,,
,,,,,,
,,,,,,
,,,,,,
,,,,,,
,,,,,,
,,,,,,
,,,,,,
,,,,,,
,,,,,,
,,,,,,
,,,,,,
,,,,,,
,,,,,,
,,,,,,
,,,,,,
,,,,,,
,,,,,,
,,,,,,
,,,,,,
,,,,,,
,,,,,,
,,,,,,
,,,,,,
,,,,,,
,,,,,,
,,,,,,
,,,,,,
,,,,,,
,,,,,,
,,,,,,
,,,,,,
,,,,,,
,,,,,,
,,,,,,
,,,,,,
,,,,,,
,,,,,,
,,,,,,
,,,,,,
,,,,,,
,,,,,,
,,,,,,
,,,,,,
,,,,,,
,,,,,,
,,,,,,
,,,,,,
,,,,,,
,,,,,,
,,,,,,
,,,,,,
,,,,,,
,,,,,,
,,,,,,
,,,,,,
,,,,,,
,,,,,,
,,,,,,
,,,,,,
,,,,,,
,,,,,,
,,,,,,
,,,,,,
,,,,,,
,,,,,,
,,,,,,
,,,,,,
,,,,,,
,,,,,,
,,,,,,
,,,,,,
,,,,,,
,,,,,,
,,,,,,
,,,,,,
,,,,,,
,,,,,,
,,,,,,
,,,,,,
,,,,,,
,,,,,,
,,,,,,
,,,,,,
,,,,,,
,,,,,,
,,,,,,
,,,,,,
,,,,,,
,,,,,,
,,,,,,
,,,,,,
,,,,,,
,,,,,,
,,,,,,
,,,,,,
,,,,,,
,,,,,,
,,,,,,
,,,,,,
,,,,,,
,,,,,,
,,,,,,
,,,,,,
,,,,,,
,,,,,,
,,,,,,
,,,,,,
,,,,,,
,,,,,,
,,,,,,
,,,,,,
,,,,,,
,,,,,,
,,,,,,
,,,,,,
,,,,,,
,,,,,,
,,,,,,
,,,,,,
,,,,,,
,,,,,,
,,,,,,
,,,,,,
,,,,,,
,,,,,,
,,,,,,
,,,,,,
,,,,,,
,,,,,,
,,,,,,
,,,,,,
,,,,,,
,,,,,,
,,,,,,
,,,,,,
,,,,,,
,,,,,,
,,,,,,
,,,,,,
,,,,,,
,,,,,,
,,,,,,
,,,,,,
,,,,,,
,,,,,,
,,,,,,
,,,,,,
,,,,,,
,,,,,,
,,,,,,
,,,,,,
,,,,,,
,,,,,,
,,,,,,
,,,,,,
,,,,,,
,,,,,,
,,,,,,
,,,,,,
,,,,,,
,,,,,,
,,,,,,
,,,,,,
,,,,,,
,,,,,,
,,,,,,
,,,,,,
,,,,,,
,,,,,,
,,,,,,
,,,,,,
,,,,,,
,,,,,,
,,,,,,
,,,,,,
,,,,,,
,,,,,,
,,,,,,
,,,,,,
,,,,,,
,,,,,,
,,,,,,
,,,,,,
,,,,,,
,,,,,,
,,,,,,
,,,,,,
,,,,,,
,,,,,,
,,,,,,
,,,,,,
,,,,,,
,,,,,,
,,,,,,
,,,,,,
,,,,,,
,,,,,,
,,,,,,
,,,,,,
,,,,,,
,,,,,,
,,,,,,
,,,,,,
,,,,,,
,,,,,,
,,,,,,
,,,,,,
,,,,,,
,,,,,,
,,,,,,
,,,,,,
,,,,,,
,,,,,,
,,,,,,
,,,,,,
,,,,,,
,,,,,,
,,,,,,
,,,,,,
,,,,,,
,,,,,,
,,,,,,
,,,,,,
,,,,,,
,,,,,,
,,,,,,
,,,,,,
,,,,,,
,,,,,,
,,,,,,
,,,,,,
,,,,,,
,,,,,,
,,,,,,
,,,,,,
,,,,,,
,,,,,,
,,,,,,
,,,,,,
,,,,,,
,,,,,,
,,,,,,
,,,,,,
,,,,,,
,,,,,,
,,,,,,
,,,,,,
,,,,,,
,,,,,,
,,,,,,
,,,,,,
,,,,,,
,,,,,,
,,,,,,
,,,,,,
,,,,,,
,,,,,,
,,,,,,
,,,,,,
,,,,,,
,,,,,,
,,,,,,
,,,,,,
,,,,,,
,,,,,,
,,,,,,
,,,,,,
,,,,,,
,,,,,,
,,,,,,
,,,,,,
,,,,,,
,,,,,,
,,,,,,
,,,,,,
,,,,,,
,,,,,,
,,,,,,
,,,,,,
,,,,,,
,,,,,,
,,,,,,
,,,,,,
,,,,,,
,,,,,,
,,,,,,
,,,,,,
,,,,,,
,,,,,,
,,,,,,
,,,,,,
,,,,,,
,,,,,,
,,,,,,
,,,,,,
,,,,,,
,,,,,,
,,,,,,
,,,,,,
,,,,,,
,,,,,,
,,,,,,
,,,,,,
,,,,,,
,,,,,,
,,,,,,
,,,,,,
,,,,,,
,,,,,,
,,,,,,
,,,,,,
,,,,,,
,,,,,,
,,,,,,
,,,,,,
,,,,,,
,,,,,,
,,,,,,
,,,,,,
,,,,,,
,,,,,,
,,,,,,
,,,,,,
,,,,,,
,,,,,,
,,,,,,
,,,,,,
,,,,,,
,,,,,,
,,,,,,
,,,,,,
,,,,,,
,,,,,,
,,,,,,
,,,,,,
,,,,,,
,,,,,,
,,,,,,
,,,,,,
,,,,,,
,,,,,,
,,,,,,
,,,,,,
,,,,,,
,,,,,,
,,,,,,
,,,,,,
,,,,,,
,,,,,,
,,,,,,
,,,,,,
,,,,,,
,,,,,,
,,,,,,
,,,,,,
,,,,,,
,,,,,,
,,,,,,
,,,,,,
,,,,,,
,,,,,,
,,,,,,
,,,,,,
,,,,,,
,,,,,,
,,,,,,
,,,,,,
,,,,,,
,,,,,,
,,,,,,
,,,,,,
,,,,,,
,,,,,,
,,,,,,
,,,,,,
,,,,,,
,,,,,,
,,,,,,
,,,,,,
,,,,,,
,,,,,,
,,,,,,
,,,,,,
,,,,,,
,,,,,,
,,,,,,
,,,,,,
,,,,,,
,,,,,,
,,,,,,
,,,,,,
,,,,,,
,,,,,,
,,,,,,
,,,,,,
,,,,,,
,,,,,,
,,,,,,
,,,,,,
,,,,,,
,,,,,,
,,,,,,
,,,,,,
,,,,,,
,,,,,,
,,,,,,
,,,,,,
,,,,,,
,,,,,,
,,,,,,
,,,,,,
,,,,,,
,,,,,,
,,,,,,
,,,,,,
,,,,,,
,,,,,,
,,,,,,
,,,,,,
,,,,,,
,,,,,,
,,,,,,
,,,,,,
,,,,,,
,,,,,,
,,,,,,
,,,,,,
,,,,,,
,,,,,,
,,,,,,
,,,,,,
,,,,,,
,,,,,,
,,,,,,
,,,,,,
,,,,,,
,,,,,,
,,,,,,
,,,,,,
,,,,,,
,,,,,,
,,,,,,
,,,,,,
,,,,,,
,,,,,,
,,,,,,
,,,,,,
,,,,,,
,,,,,,
,,,,,,
,,,,,,
,,,,,,
,,,,,,
,,,,,,
,,,,,,
,,,,,,
,,,,,,
,,,,,,
,,,,,,
,,,,,,
,,,,,,
,,,,,,
,,,,,,
,,,,,,
,,,,,,
,,,,,,
,,,,,,
,,,,,,
,,,,,,
,,,,,,
,,,,,,
,,,,,,
,,,,,,
,,,,,,
,,,,,,
,,,,,,
,,,,,,
,,,,,,
,,,,,,
,,,,,,
,,,,,,
,,,,,,
,,,,,,
,,,,,,
,,,,,,
,,,,,,
,,,,,,
,,,,,,
,,,,,,
,,,,,,
,,,,,,
,,,,,,
,,,,,,
,,,,,,
,,,,,,
,,,,,,
,,,,,,
,,,,,,
,,,,,,
,,,,,,
,,,,,,
,,,,,,
,,,,,,
,,,,,,
,,,,,,
,,,,,,
,,,,,,
,,,,,,
,,,,,,
,,,,,,
,,,,,,
,,,,,,
,,,,,,
,,,,,,
,,,,,,
,,,,,,
,,,,,,
,,,,,,
,,,,,,
,,,,,,
,,,,,,
,,,,,,
,,,,,,
,,,,,,
,,,,,,
,,,,,,
,,,,,,
,,,,,,
,,,,,,
,,,,,,
,,,,,,
,,,,,,
,,,,,,
,,,,,,
,,,,,,
,,,,,,
,,,,,,
,,,,,,
,,,,,,
,,,,,,
,,,,,,
,,,,,,
,,,,,,
,,,,,,
,,,,,,
,,,,,,
,,,,,,
,,,,,,
,,,,,,
,,,,,,
,,,,,,
,,,,,,
,,,,,,
,,,,,,
,,,,,,
,,,,,,
,,,,,,
,,,,,,
,,,,,,
,,,,,,
,,,,,,
,,,,,,
,,,,,,
,,,,,,
,,,,,,
,,,,,,
,,,,,,
,,,,,,
,,,,,,
,,,,,,
,,,,,,
,,,,,,
,,,,,,
,,,,,,
,,,,,,
,,,,,,
,,,,,,
,,,,,,
,,,,,,
,,,,,,
,,,,,,
,,,,,,
,,,,,,
,,,,,,
,,,,,,
,,,,,,
,,,,,,
,,,,,,
,,,,,,
,,,,,,
,,,,,,
,,,,,,
,,,,,,
,,,,,,
,,,,,,
,,,,,,
,,,,,,
,,,,,,
,,,,,,
,,,,,,
,,,,,,
,,,,,,
,,,,,,
,,,,,,
,,,,,,
,,,,,,
,,,,,,
,,,,,,
,,,,,,
,,,,,,
,,,,,,
,,,,,,
,,,,,,
,,,,,,
,,,,,,
,,,,,,
,,,,,,
,,,,,,
,,,,,,
,,,,,,
,,,,,,
,,,,,,
,,,,,,
,,,,,,
,,,,,,
,,,,,,
,,,,,,
,,,,,,
,,,,,,
,,,,,,
,,,,,,
,,,,,,
,,,,,,
,,,,,,
,,,,,,
,,,,,,
,,,,,,
,,,,,,
,,,,,,
,,,,,,
,,,,,,
,,,,,,
,,,,,,
,,,,,,
,,,,,,
,,,,,,
,,,,,,
,,,,,,
,,,,,,
,,,,,,
,,,,,,
,,,,,,
,,,,,,
,,,,,,
,,,,,,
,,,,,,
,,,,,,
,,,,,,
,,,,,,
,,,,,,
,,,,,,
,,,,,,
,,,,,,
,,,,,,
,,,,,,
,,,,,,
,,,,,,
,,,,,,
,,,,,,
,,,,,,
,,,,,,
,,,,,,
,,,,,,
,,,,,,
,,,,,,
,,,,,,
,,,,,,
,,,,,,
,,,,,,
,,,,,,
,,,,,,
,,,,,,
,,,,,,
,,,,,,
,,,,,,
,,,,,,
,,,,,,
,,,,,,
,,,,,,
,,,,,,
,,,,,,
,,,,,,
,,,,,,
,,,,,,
,,,,,,
,,,,,,
,,,,,,
,,,,,,
,,,,,,
,,,,,,
,,,,,,
,,,,,,
,,,,,,
,,,,,,
,,,,,,
,,,,,,
,,,,,,
,,,,,,
,,,,,,
,,,,,,
,,,,,,
,,,,,,
,,,,,,
,,,,,,
,,,,,,
,,,,,,
,,,,,,
,,,,,,
,,,,,,
,,,,,,
,,,,,,
,,,,,,
,,,,,,
,,,,,,
,,,,,,
,,,,,,
,,,,,,
,,,,,,
,,,,,,
,,,,,,
,,,,,,
,,,,,,
,,,,,,
,,,,,,
,,,,,,
,,,,,,
,,,,,,
,,,,,,
,,,,,,
,,,,,,
,,,,,,
,,,,,,
,,,,,,
,,,,,,
,,,,,,
,,,,,,
,,,,,,
,,,,,,
,,,,,,
,,,,,,
,,,,,,
,,,,,,
,,,,,,
,,,,,,
,,,,,,
,,,,,,
,,,,,,
,,,,,,
,,,,,,
,,,,,,
,,,,,,
,,,,,,
,,,,,,
,,,,,,
,,,,,,
,,,,,,
,,,,,,
,,,,,,
,,,,,,
,,,,,,
,,,,,,
,,,,,,
,,,,,,
,,,,,,
,,,,,,
,,,,,,
,,,,,,
,,,,,,
,,,,,,
,,,,,,
,,,,,,
,,,,,,
,,,,,,
,,,,,,
,,,,,,
,,,,,,
,,,,,,
,,,,,,
,,,,,,
,,,,,,
,,,,,,
,,,,,,
,,,,,,
,,,,,,
,,,,,,
,,,,,,
,,,,,,
,,,,,,
,,,,,,
,,,,,,
,,,,,,
,,,,,,
,,,,,,
,,,,,,
,,,,,,
,,,,,,
,,,,,,
,,,,,,
,,,,,,
,,,,,,
,,,,,,
,,,,,,
,,,,,,
,,,,,,
,,,,,,
,,,,,,
,,,,,,
,,,,,,
,,,,,,
,,,,,,
,,,,,,
,,,,,,
,,,,,,
,,,,,,
,,,,,,
,,,,,,
,,,,,,
,,,,,,
,,,,,,
,,,,,,
,,,,,,
,,,,,,
,,,,,,
,,,,,,
,,,,,,
,,,,,,
,,,,,,
,,,,,,
,,,,,,
,,,,,,
,,,,,,
,,,,,,
,,,,,,
,,,,,,
,,,,,,
,,,,,,
,,,,,,
,,,,,,
,,,,,,
,,,,,,
,,,,,,
,,,,,,
,,,,,,
,,,,,,
,,,,,,
,,,,,,
,,,,,,
,,,,,,
,,,,,,
,,,,,,
,,,,,,
,,,,,,
,,,,,,
,,,,,,
,,,,,,
,,,,,,
,,,,,,
,,,,,,
,,,,,,
,,,,,,
,,,,,,
,,,,,,
,,,,,,
,,,,,,
,,,,,,
,,,,,,
,,,,,,
,,,,,,
,,,,,,
,,,,,,
,,,,,,
,,,,,,
,,,,,,
,,,,,,
,,,,,,
,,,,,,
,,,,,,
,,,,,,
,,,,,,
,,,,,,
,,,,,,
,,,,,,
,,,,,,
,,,,,,
,,,,,,
,,,,,,
,,,,,,
,,,,,,
,,,,,,
,,,,,,
,,,,,,
,,,,,,
,,,,,,
,,,,,,
,,,,,,
,,,,,,
,,,,,,
,,,,,,
,,,,,,
,,,,,,
,,,,,,
,,,,,,
,,,,,,
,,,,,,
,,,,,,
,,,,,,
,,,,,,
,,,,,,
,,,,,,
,,,,,,
,,,,,,
,,,,,,
,,,,,,
,,,,,,
,,,,,,
,,,,,,
,,,,,,
,,,,,,
,,,,,,
,,,,,,
,,,,,,
,,,,,,
,,,,,,
,,,,,,
,,,,,,
,,,,,,
,,,,,,
,,,,,,
,,,,,,
,,,,,,
,,,,,,
,,,,,,
,,,,,,
,,,,,,
,,,,,,
,,,,,,
,,,,,,
,,,,,,
,,,,,,
,,,,,,
,,,,,,
,,,,,,
,,,,,,
,,,,,,
,,,,,,
,,,,,,
,,,,,,
,,,,,,
,,,,,,
,,,,,,
,,,,,,
,,,,,,
,,,,,,
,,,,,,
,,,,,,
,,,,,,
,,,,,,
,,,,,,
,,,,,,
,,,,,,
,,,,,,
,,,,,,
,,,,,,
,,,,,,
,,,,,,
,,,,,,
,,,,,,
,,,,,,
,,,,,,
,,,,,,
,,,,,,
,,,,,,
,,,,,,
,,,,,,
,,,,,,
,,,,,,
,,,,,,
,,,,,,
,,,,,,
,,,,,,
,,,,,,
,,,,,,
,,,,,,
,,,,,,
,,,,,,
,,,,,,
,,,,,,
,,,,,,
,,,,,,
,,,,,,
,,,,,,
,,,,,,
,,,,,,
,,,,,,
,,,,,,
,,,,,,
,,,,,,
,,,,,,
,,,,,,
,,,,,,
,,,,,,
,,,,,,
,,,,,,
,,,,,,
,,,,,,
,,,,,,
,,,,,,
,,,,,,
,,,,,,
,,,,,,
,,,,,,
,,,,,,
,,,,,,
,,,,,,
,,,,,,
,,,,,,
,,,,,,
,,,,,,
,,,,,,
,,,,,,
,,,,,,
,,,,,,
,,,,,,
,,,,,,
,,,,,,
,,,,,,
,,,,,,
,,,,,,
,,,,,,
,,,,,,
,,,,,,
,,,,,,
,,,,,,
,,,,,,
,,,,,,
,,,,,,
,,,,,,
,,,,,,
,,,,,,
,,,,,,
,,,,,,
,,,,,,
,,,,,,
,,,,,,
,,,,,,
,,,,,,
,,,,,,
,,,,,,
,,,,,,
,,,,,,
,,,,,,
,,,,,,
,,,,,,
,,,,,,
,,,,,,
,,,,,,
,,,,,,
,,,,,,
,,,,,,
,,,,,,
,,,,,,
,,,,,,
,,,,,,
,,,,,,
,,,,,,
,,,,,,
,,,,,,
,,,,,,
,,,,,,
,,,,,,
,,,,,,
,,,,,,
,,,,,,
,,,,,,
,,,,,,
,,,,,,
,,,,,,
,,,,,,
,,,,,,
,,,,,,
,,,,,,
,,,,,,
,,,,,,
,,,,,,
,,,,,,
,,,,,,
,,,,,,
,,,,,,
,,,,,,
,,,,,,
,,,,,,
,,,,,,
,,,,,,
,,,,,,
,,,,,,
,,,,,,
,,,,,,
,,,,,,
,,,,,,
,,,,,,
,,,,,,
,,,,,,
,,,,,,
,,,,,,
,,,,,,
,,,,,,
,,,,,,
,,,,,,
,,,,,,
,,,,,,
,,,,,,
,,,,,,
,,,,,,
,,,,,,
,,,,,,
,,,,,,
,,,,,,
,,,,,,
,,,,,,
,,,,,,
,,,,,,
,,,,,,
,,,,,,
,,,,,,
,,,,,,
,,,,,,
,,,,,,
,,,,,,
,,,,,,
,,,,,,
,,,,,,
,,,,,,
,,,,,,
,,,,,,
,,,,,,
